アルゴリズム,0
ヒープソート,1
図書館ソート,2
トーナメントソート,3
メモリアル・トーナメント,4
ケビン・ナ,5
ジョニー・バレンタイン,6
サニー・ディンサ,7
アーメッド・ジョンソン,8
マヤコバ・ゴルフクラシック,9
ポセイドン,10
ホーレンシュタイン・シュターデル,11
サマルカンド,12
ザック・ジョンソン,13
ボーン・テイラー,14
2015年,15
J.B.ホームズ,16
HSBCチャンピオンズ,17
ZOZO CHAMPIONSHIP,18
テレビ朝日,19
2003年,20
ザ・プレーヤーズ・チャンピオンシップ,21
キャデラック選手権,22
QBEシュートアウト,23
プレジデンツカップ,24
ウェブドットコムツアー,25
張新軍,26
PGAツアー・カナダ,27
ワールドチャレンジ (ゴルフ),28
ビジェイ・シン,29
バーバソル選手権,30
イントロソート,31
マージソート,32
奇偶転置ソート,33
スパゲティソート,34
ビーズソート,35
ソート,36
深さ制限探索,37
データ,38
バブルソート,39
ストランドソート,40
1989年,41
マックス・パーキス,42
ケンブリッジ大学,43
ペイシェンスソート,44
コンテナ (データ型),45
UB木,46
おばあちゃんの思い出,47
藤子不二雄物語 ハムサラダくん,48
リンク構造,49
高速道路,50
有機フッ素化合物,51
ガベージコレクション,52
Hdl (識別子),53
国防高等研究計画局,54
連結リスト,55
General Problem Solver,56
1957年,57
1957年のラジオ,58
5月23日,59
定理,60
自然科学,61
演繹,62
探索,63
フォード・ファルカーソンのアルゴリズム,64
中央値の中央値,65
チャールズ・レイザーソン,66
ヒューリスティック,67
計算機科学,68
デカルト木ソート,69
チボデー・クロケット,70
摩味,71
塩屋浩三,72
森下由樹子,73
伊藤さよ子,74
悪魔の手毬唄,75
藤井豪,76
ソラモヨウ,77
ろくでなしBLUES,78
山下泰裕,79
浦和めぐみ,80
千葉繁,81
松本考平,82
西田裕美,83
ファミリーレストラン,84
コーヒー,85
2020年,86
山中まどか,87
大越多佳子,88
雨蘭咲木子,89
サンライズ (アニメ制作ブランド),90
ガンダムビルドダイバーズ バトローグ,91
SD戦国伝 天下統一編,92
鎧伝サムライトルーパー,93
GUNDAM Mission to the Rise,94
機動戦士ガンダムMS BOYS -ボクたちのジオン独立戦争-,95
ゾック,96
ムサイ,97
マカリア,98
イマジン (アニメ制作会社),99
高橋丈夫,100
企業,101
3Hz,102
業種,103
アニマ&カンパニー,104
ディー・エル・イー,105
映画ちゃん,106
森岡龍,107
あまちゃん,108
ジャルジャル,109
古今亭菊之丞,110
デスアーミー,111
レイン・ミカムラ,112
マスターガンダム,113
ガンダムシリーズ一覧,114
コヤマシゲト,115
ビームサーベル,116
一年戦争,117
カトキハジメ,118
フュージョン戦記ガンダムバトレイヴ,119
